Edge,Frequency
0-633,7
0-1862,7
0-2582,7
633-1701,4
633-1866,5
926-1862,6
1701-1862,13
1862-2582,7
1166-2582,6
1-2,6
1-652,5
1-654,4
2-332,9
2-1454,5
2-1666,6
2-1986,6
470-652,7
332-665,10
332-2003,9
332-2122,13
332-2615,9
48-1666,13
49-1666,4
1662-1666,9
1666-2381,9
3-2544,3
4-1016,10
4-1256,12
4-1761,5
4-2175,9
4-2176,13
561-1016,6
595-1016,8
1016-1256,13
1016-2176,14
1091-1256,12
1256-2175,12
1256-2176,16
1256-1761,7
1761-2175,5
982-2175,7
2175-2176,12
982-2176,10
1091-2176,13
1382-2176,13
5-1629,7
5-1659,6
5-2546,8
1629-1659,6
1629-1711,8
466-2546,10
628-2546,7
952-2546,4
6-373,7
6-1042,16
6-1416,16
6-1602,12
373-1025,7
373-1042,16
74-1042,23
485-1042,24
1042-1628,29
1042-2052,19
1042-2054,23
1042-2055,23
1042-2333,20
61-1416,15
74-1416,19
149-1416,17
718-1416,19
1118-1416,13
1416-1602,22
1416-1922,15
95-1602,18
100-1602,9
315-1602,15
1204-1602,13
1602-2054,15
1602-2072,11
1602-2073,11
1602-2074,12
7-208,1
8-269,7
8-281,7
8-1996,7
269-321,8
269-2543,8
269-2551,6
281-746,12
281-1000,13
281-1347,9
281-1382,12
281-2244,11
281-2247,15
327-1996,11
1986-1996,11
1996-2063,11
1996-2064,8
9-723,5
9-2614,8
723-2614,8
494-2614,8
1599-2614,11
10-476,6
10-2545,4
476-1140,5
476-1800,5
476-1986,4
11-1655,8
11-1839,7
149-1655,9
1121-1655,10
1131-1655,5
1410-1655,10
1655-1839,12
1655-1894,5
1655-2136,9
1655-2295,11
1655-2384,9
1204-1839,12
1839-2424,7
1839-2453,7
12-1001,7
12-1318,8
12-2661,7
12-2662,8
1001-2662,6
1318-2661,6
1318-2662,7
13-1701,3
13-1810,3
143-1701,31
1241-1701,31
835-1810,14
1095-1810,17
1348-1810,10
1576-1810,11
14-158,3
14-2034,2
14-2075,11
14-2077,7
14-2668,8
158-180,4
158-1701,2
775-2075,6
1020-2075,12
2075-2076,12
2075-2667,14
2075-2668,12
486-2077,8
1020-2077,8
1704-2077,9
2075-2077,8
2076-2077,8
45-2668,9
486-2668,10
2667-2668,11
15-1090,12
15-1093,11
15-1271,10
15-2367,18
640-1090,14
1090-1093,14
1090-1271,13
1090-1598,13
1090-2367,20
599-1093,6
1093-1271,12
1093-1598,12
1093-2367,20
1271-2367,19
395-2367,18
2367-2370,13
2367-2371,14
16-970,9
16-1632,8
16-2444,10
16-2642,9
364-970,13
466-970,10
970-1358,6
970-2365,13
364-1632,12
1632-1756,10
464-2444,11
580-2444,9
1742-2444,10
2444-2503,9
358-2642,6
364-2642,7
1756-2642,8
17-24,8
17-927,8
17-1315,7
17-1316,9
17-2140,10
24-201,7
24-598,19
24-1636,7
24-1701,14
24-2139,9
24-2141,8
927-1316,8
927-2140,9
1301-1315,7
1301-1316,9
1316-1679,9
1301-2140,12
1679-2140,10
2139-2140,10
18-139,9
18-1560,7
18-1786,7
18-2082,5
18-2145,8
103-139,10
139-660,8
139-910,9
139-1623,12
139-1780,10
139-2045,17
505-1560,11
1560-1623,6
1624-1786,12
133-2082,8
2095-2145,8
2144-2145,9
19-1939,4
1542-1939,15
20-2269,10
20-2270,9
20-2374,5
20-2375,8
370-2269,13
392-2269,13
1415-2269,14
1903-2269,17
2269-2270,13
128-2270,9
1354-2270,11
1414-2270,11
2270-2375,10
371-2375,11
1404-2375,7
21-1043,5
21-2310,4
1043-2309,11
1920-2310,3
22-39,11
22-1234,9
22-1702,14
22-1703,19
22-2238,13
39-1349,11
39-1522,9
39-1532,9
39-1634,12
39-1965,9
39-2357,10
1234-1702,15
1234-1703,20
1234-1966,16
1240-1702,15
1365-1702,10
1702-1703,23
1702-1966,22
1702-1970,12
1702-1971,13
1702-2238,20
789-1703,20
963-1703,23
1703-1906,14
1703-1966,23
1703-1968,16
1703-1969,17
1703-1971,17
1703-2238,26
152-2238,11
627-2238,14
706-2238,15
1969-2238,13
2237-2238,12
2238-2239,11
23-2159,5
2157-2159,9
2159-2160,13
201-598,11
201-1701,5
201-1986,9
201-2430,6
143-598,26
598-1636,24
1636-1701,18
1636-2139,9
1636-2141,8
2139-2141,9
2141-2142,7
25-1301,9
25-1344,9
25-2011,6
25-2317,8
598-1301,6
1301-1542,6
1344-1928,9
1344-2315,6
733-2011,3
1928-2317,9
26-99,6
26-122,5
26-123,5
26-2454,4
26-2455,4
99-122,6
99-123,6
99-2454,5
99-2455,5
99-2604,5
122-2454,4
122-2455,4
123-2455,4
123-2604,4
27-606,10
27-1810,7
27-2360,8
27-2578,5
531-606,9
606-1666,10
606-2230,10
606-2360,10
606-2361,7
2360-2578,6
28-1687,5
1003-1687,9
1687-1721,9
29-963,18
29-2645,6
43-963,20
258-963,18
375-963,16
706-963,21
805-963,20
963-1094,16
963-1141,7
963-1157,9
963-1417,12
963-1443,15
963-1785,17
963-2399,8
963-2400,18
963-2401,19
963-2434,17
258-2645,10
706-2645,10
1443-2645,13
30-697,7
30-738,9
30-1358,4
30-1416,7
30-2162,9
30-2343,7
697-1080,8
738-1080,11
738-2162,10
1080-2162,11
2162-2163,10
31-1594,3
32-279,9
32-518,4
32-1850,6
32-1973,7
242-279,9
270-279,12
279-838,7
279-2165,13
279-2280,12
279-2423,15
518-666,5
518-2423,6
415-1850,14
666-1850,7
1013-1850,9
490-1973,10
1333-1973,11
33-286,12
33-588,14
33-698,15
33-911,15
33-1051,11
33-2040,13
33-2119,11
33-2120,13
33-2121,13
286-442,11
286-698,8
442-588,13
588-698,10
442-698,14
698-1015,18
893-911,13
911-1534,12
911-2376,13
442-1051,11
893-1051,12
1051-2122,8
2034-2040,10
2040-2120,9
2040-2122,12
442-2120,12
665-2120,12
2120-2637,8
2001-2121,17
2121-2122,12
34-1358,3
35-895,9
35-1296,9
35-1913,8
440-895,11
895-1187,9
895-1296,11
895-1913,10
440-1296,11
1296-1911,10
1296-1913,11
440-1913,11
36-1146,12
36-1505,18
36-1552,14
36-1640,8
36-1781,9
36-2094,10
36-2106,8
36-2107,8
1146-1505,12
1146-1506,6
1146-2254,6
1505-1624,21
1089-1552,11
1505-1552,13
1552-1778,13
1552-2591,8
306-1640,3
350-1640,7
306-1781,4
1623-1781,5
1781-2107,7
109-2094,6
2086-2094,9
2094-2106,7
1505-2107,7
37-60,3
37-1190,6
37-2427,5
1184-1190,7
1190-1387,6
349-2427,7
2427-2428,6
38-429,16
38-862,7
38-863,9
38-1160,8
86-429,12
196-429,10
429-705,16
429-794,17
429-863,16
429-1618,12
429-1669,14
429-1889,16
429-2001,24
429-2043,15
429-2044,10
733-862,18
794-863,10
863-1160,9
863-1590,8
733-1160,10
794-1160,9
1160-2268,9
1320-1349,10
1349-1634,10
1349-2684,8
1522-1697,7
1522-2680,6
1532-2648,6
82-1634,8
1050-1634,16
1964-1965,8
1846-2357,9
2356-2357,10
40-507,13
40-866,6
40-1364,5
251-507,5
253-507,7
507-812,8
507-1176,14
507-1300,13
507-1931,6
507-1936,12
507-1941,9
507-2508,12
866-1049,8
41-175,8
41-596,5
41-644,5
41-1914,16
175-596,9
175-955,9
175-1914,22
175-2135,8
175-2217,9
175-2388,10
596-992,7
596-1914,9
596-644,6
644-711,5
644-728,8
644-2177,9
1362-1914,27
1464-1914,23
42-87,4
42-1372,4
87-842,4
87-2164,6
1362-1372,6
43-152,8
43-1530,10
43-1653,10
43-2399,10
43-2400,8
152-884,5
152-2240,9
89-1530,14
1369-1530,9
1530-2240,11
1530-2464,17
89-1653,14
1094-1653,10
1369-1653,9
1585-1653,8
1443-2399,10
2240-2399,6
2399-2434,11
44-1582,5
44-2624,6
44-2701,6
2624-2701,5
45-733,11
45-1219,4
45-1986,9
45-2303,7
45-2667,10
78-1219,6
994-1219,6
733-2303,6
2303-2541,6
486-2667,12
1020-2667,11
2076-2667,11
46-1604,6
46-2366,5
902-1604,7
1284-1604,9
1358-1604,4
686-2366,5
1738-2366,8
47-163,2
47-1579,7
559-1579,10
48-598,14
48-714,11
48-1031,12
48-1662,13
48-2041,8
48-2205,12
48-2206,12
48-2471,3
714-1385,7
788-1031,9
1031-1952,15
1662-2381,9
1662-2398,6
788-2041,8
788-2205,10
1952-2205,15
1951-2206,9
1952-2206,15
2471-2493,4
49-2034,4
617-2034,11
691-2034,17
1336-2034,12
1891-2034,10
2034-2035,11
50-1441,13
265-1441,16
454-1441,10
540-1441,17
1128-1441,12
1441-1707,18
1441-1954,19
1441-1957,10
1441-1958,27
1441-2271,16
51-457,9
51-710,10
51-1392,4
51-2213,6
51-2214,8
51-2215,7
457-1201,7
457-2215,6
457-2216,10
710-2212,8
710-1392,5
1392-2212,5
710-2213,8
1201-2214,7
2214-2216,7
2215-2216,6
52-1139,10
52-1467,7
52-2053,8
52-2172,11
52-2182,22
1139-1628,15
1139-2054,11
1139-2182,19
1467-2172,5
1628-2053,13
525-2172,17
1628-2172,17
2172-2182,20
95-2182,25
525-2182,26
1515-2182,19
1838-2182,18
2131-2182,17
2133-2182,24
2180-2182,20
53-1103,13
53-1358,3
53-1739,9
72-1103,12
998-1103,16
1103-1284,20
1103-1358,14
1103-1520,12
1103-1718,17
616-1739,11
1317-1739,15
1358-1739,9
1739-1750,14
1739-1766,10
54-401,6
54-767,4
401-733,3
767-873,3
767-1701,2
767-2314,4
55-60,11
55-210,12
55-323,4
55-651,16
55-771,8
55-787,6
55-815,14
55-1079,13
55-1156,9
55-1983,8
55-2020,9
55-2021,13
323-498,5
323-2020,6
651-2024,10
65-771,11
771-1156,6
325-787,7
438-787,11
88-815,8
815-1174,6
1079-1218,8
65-1156,10
897-1156,11
897-1983,11
65-2021,11
1628-2021,14
2021-2418,7
56-412,8
56-447,9
56-1616,12
56-1849,10
412-1616,11
412-1849,9
447-1616,12
447-1849,10
447-2638,7
118-1616,16
539-1616,12
581-1616,6
1402-1616,14
1616-1849,13
1013-1849,8
1487-1849,9
1849-1914,21
57-2418,3
239-2418,13
572-2418,8
1293-2418,7
58-1715,4
1154-1715,10
1358-1715,3
59-105,11
59-580,13
59-609,15
59-615,10
59-1067,13
59-1287,11
59-1358,8
59-1627,12
59-1725,16
59-2651,10
105-1721,9
105-2476,10
105-2651,6
580-1358,7
580-1765,15
609-1041,14
609-1358,8
936-1067,11
481-1287,7
1164-1287,6
1287-1358,4
1229-1627,7
1308-1627,8
1627-1740,9
687-1725,23
1358-1725,14
1712-1725,14
1725-1734,19
1725-2596,16
2476-2651,9
60-1527,3
88-1527,4
331-1527,4
415-1527,5
1527-1668,5
1527-2274,5
61-1080,7
61-1309,13
61-2162,5
61-2312,6
149-1080,8
771-1080,10
88-1309,16
415-1309,19
490-1309,15
851-1309,15
1309-1677,13
1309-1741,12
1333-2312,7
62-485,5
485-839,9
485-2219,8
63-1322,4
1322-2265,7
64-1209,6
64-1737,8
64-2616,6
1209-1358,3
1209-1737,7
1169-1737,20
1358-1737,6
1737-1888,9
1737-2616,7
65-239,14
65-543,12
65-619,11
65-1293,11
65-1628,14
65-2418,13
65-2419,12
239-619,10
239-1220,9
239-2182,11
543-984,7
1013-1293,9
525-1628,24
1117-1628,18
239-2021,10
74-2419,9
497-2419,6
66-2631,3
67-282,5
67-540,8
67-2628,5
282-747,7
113-540,8
540-747,9
540-2527,6
68-391,5
68-1358,2
68-1986,4
391-1986,6
391-2365,12
919-1358,23
69-604,4
69-1013,11
69-1351,8
69-1914,9
69-1920,5
604-1351,7
604-1914,7
604-2109,7
907-1351,12
1351-1362,12
1914-1920,6
1920-2422,6
69-1926,7
69-2189,7
454-2189,7
70-441,10
70-2184,5
129-441,10
193-441,8
344-441,12
441-454,11
441-671,13
441-1455,9
441-1537,11
441-2184,10
71-206,3
71-1986,4
71-2691,3
206-2691,3
72-1358,4
1103-1886,2
73-449,9
73-558,17
73-797,7
73-876,5
73-1136,7
73-1189,7
73-1214,9
73-1358,12
73-1723,16
73-1745,8
73-1751,9
558-1189,10
558-2585,9
797-800,10
797-1358,5
797-1833,8
797-2359,7
558-876,6
876-1358,5
876-2168,6
876-2584,6
1136-2359,7
1136-2554,8
1136-1189,9
1189-1358,5
1189-2359,10
337-1214,10
768-1723,9
1358-1723,5
1723-1724,10
1214-1745,10
1358-1745,7
1589-1745,9
1725-1745,12
1745-2596,10
1358-1751,4
1426-1751,6
1751-2596,9
74-544,11
74-586,9
74-1118,10
74-1517,8
74-2052,9
74-2155,17
456-544,11
544-1580,9
544-2052,8
544-2199,13
94-586,7
586-1218,9
586-2155,15
1042-1118,13
1118-2155,12
1042-1517,12
1848-2419,9
75-84,10
75-583,10
75-2222,10
75-2223,9
75-2224,13
75-2225,10
84-284,12
84-2223,8
84-2224,12
284-583,12
583-2224,12
583-2225,10
284-2222,12
2222-2224,12
2222-2225,10
284-2223,11
2223-2224,11
284-2224,14
2224-2225,12
284-2225,12
76-88,3
76-2018,6
76-2178,6
88-851,14
356-2018,8
815-2018,8
851-2018,8
1658-2018,9
2018-2019,9
88-2178,6
415-2178,10
737-2178,11
1309-2178,11
1979-2178,11
2024-2178,10
77-659,6
77-1803,6
354-659,7
659-1803,7
354-1803,8
1072-1803,6
78-1329,7
78-1418,5
733-1329,12
994-1329,7
79-603,4
79-2097,6
603-795,7
522-2097,7
975-2097,7
2097-2098,7
80-257,6
80-1117,7
80-2049,4
257-964,10
257-1388,10
257-2180,8
434-1117,11
1117-2499,7
142-2049,7
81-347,9
81-423,10
81-527,7
81-2180,9
347-408,12
347-423,10
347-525,17
315-423,12
423-525,16
423-527,8
525-2180,15
2180-2183,5
82-1138,6
1138-2248,18
1138-2250,9
1461-1634,8
1634-2393,8
83-1520,7
83-2581,5
1520-1750,9
1520-1765,14
449-2581,6
84-2226,4
284-2226,5
2224-2226,5
85-1065,7
85-2487,4
85-2488,4
104-1065,9
401-1065,6
864-1065,9
1065-1699,6
86-1336,9
86-2034,6
86-2295,6
695-1336,10
1012-1336,8
1336-1452,10
1336-1797,9
1336-2032,9
118-842,11
161-842,4
842-2016,4
2164-2217,7
88-130,3
88-162,5
88-300,6
88-415,19
88-498,6
88-696,5
88-737,6
88-743,4
88-841,2
88-1174,11
88-1288,3
88-1394,3
88-1494,3
88-1658,4
88-1677,5
88-1713,3
88-1732,1
88-1741,4
88-1847,3
88-1882,5
88-1908,5
88-2010,3
88-2011,2
88-2012,3
88-2013,3
88-2014,3
88-2015,4
88-2016,5
88-2017,5
88-2394,8
300-415,13
1288-1309,9
415-1847,12
415-2014,9
89-258,15
89-884,11
89-1087,10
89-1094,15
89-1157,11
89-1401,9
89-1585,13
89-2463,8
258-1094,10
258-1153,8
258-1240,12
1087-2434,8
1094-1369,10
1094-1443,13
258-1401,7
761-1401,8
1153-1401,7
1401-1585,8
340-2463,8
584-2463,9
1157-2463,8
90-155,6
90-156,5
90-817,4
90-1358,2
155-156,8
155-1358,5
155-1689,6
155-1736,8
155-1763,8
156-817,6
156-1358,4
156-1689,5
156-1763,7
817-1763,8
91-330,9
91-1046,12
91-2001,20
91-2122,15
91-2123,13
91-2380,10
330-2123,9
1046-1510,11
1046-2336,12
1046-2387,12
1046-2587,8
503-2001,18
574-2001,18
2001-2002,15
2001-2123,20
2001-2348,18
2001-2378,17
2001-2379,19
2001-2380,17
627-2122,14
665-2122,15
2122-2123,15
2003-2123,10
2123-2380,10
92-898,7
92-1836,5
898-1835,9
898-1836,7
898-2160,14
93-550,6
93-950,7
93-1495,7
93-2151,3
437-950,7
645-950,6
437-1495,7
1224-2151,5
2151-2423,4
94-195,10
94-675,10
94-733,7
94-934,12
94-1649,8
94-1966,12
94-2263,11
94-2355,7
94-2357,11
94-2490,10
195-2424,4
675-2356,9
934-2356,9
2263-2490,5
2355-2356,6
2355-2357,5
95-334,5
95-456,21
95-693,16
95-734,19
95-736,14
95-861,11
95-1303,2
95-1535,4
95-1580,9
95-1628,20
95-1838,12
95-2054,13
95-2074,13
95-2181,8
95-2183,4
95-2197,11
95-2199,14
95-2200,4
95-2201,3
334-693,9
334-1013,6
736-1631,14
861-1397,6
1535-2155,9
456-1580,10
1204-1838,10
1838-2219,9
456-2054,14
525-2054,18
525-2181,10
2181-2196,10
525-2183,5
734-2197,17
1388-2197,13
456-2199,14
1580-2200,6
2199-2200,8
2199-2201,4
96-2217,5
2023-2217,5
97-661,14
97-1353,5
661-807,19
661-830,8
661-1028,12
661-1879,8
661-1885,12
661-1353,14
98-1521,4
1013-1521,18
127-2604,3
100-2056,10
408-2056,15
734-2056,20
1628-2056,20
1680-2056,11
1841-2056,13
2056-2311,6
2056-2576,11
101-1358,2
101-1589,5
1589-2596,9
102-109,5
102-1251,8
102-1448,7
102-1561,3
102-1623,5
306-1251,6
505-1251,14
1251-1448,7
1251-1623,8
505-1448,14
1448-2045,6
1561-1623,4
417-1871,6
103-306,6
103-484,11
103-608,7
103-1775,9
103-1790,4
139-306,9
484-542,11
484-1367,11
484-1699,10
484-1775,11
484-2046,9
484-2081,11
306-608,4
608-1623,4
608-2080,8
306-1775,8
350-1775,15
1623-1775,12
104-401,8
104-864,8
104-2210,7
864-2210,6
228-1721,10
687-1721,15
689-1721,10
1358-1721,7
1721-1761,9
1721-2476,12
564-2476,9
1169-2476,13
1596-2476,9
106-2461,3
107-541,11
107-971,7
107-1113,7
107-1650,9
541-647,13
541-904,14
541-1022,15
541-1896,12
971-1650,7
1113-1650,7
1360-1650,14
108-1647,8
108-2157,9
108-2209,7
1504-1647,8
1647-2160,14
1647-2209,8
1835-2157,10
2157-2158,8
2157-2160,15
1504-2209,7
109-124,6
109-133,10
109-153,7
109-176,8
109-236,6
109-306,6
109-318,4
109-426,11
109-459,6
109-563,7
109-1045,5
109-1337,5
109-1346,4
109-1624,17
109-1769,4
109-1772,10
109-1779,9
109-1787,18
109-1789,7
109-1805,6
109-2045,13
109-2092,3
109-2093,9
109-2095,13
124-306,6
124-1367,12
133-1623,9
153-236,7
153-306,4
153-459,5
153-1623,5
153-2045,10
459-1623,6
1337-2045,6
1623-1769,5
1623-1772,9
306-1779,6
505-1779,14
1623-1779,10
1624-1779,17
306-1787,15
1624-1787,16
1787-2045,19
741-2093,8
831-2093,10
2095-2329,11
2095-2504,8
110-567,13
110-1161,7
110-1262,10
110-1599,11
110-2279,6
290-567,14
536-567,10
567-631,11
567-760,15
567-1262,12
189-1262,8
564-1262,8
1262-1509,7
1358-1599,6
1599-2441,8
1599-2460,9
2279-2466,9
111-758,9
111-1169,25
111-1358,7
111-1762,9
111-2492,11
111-2643,6
758-1358,5
758-1762,7
758-2492,9
1040-1169,26
1169-1358,25
1169-1719,26
1169-1720,26
1169-1734,25
853-1762,8
1358-1762,5
301-2492,7
1169-2492,13
1765-2492,17
112-306,5
112-487,7
112-1623,6
112-2080,10
306-487,9
487-655,10
487-2026,10
487-2080,19
306-2080,11
655-2080,13
1245-2080,14
1367-2080,19
1459-2080,9
1770-2080,11
113-747,8
113-1884,9
747-1538,11
249-1884,9
661-1884,16
854-1884,11
1884-1885,9
1884-1958,13
114-610,5
114-2288,6
114-2506,5
610-826,10
610-2287,10
610-2481,4
610-2288,5
2287-2288,8
115-973,6
277-973,7
454-973,8
682-973,3
880-973,9
973-1583,6
973-2016,3
973-2019,9
116-1076,4
116-1501,10
1074-1501,12
1399-1501,9
1487-1501,11
1501-1676,13
1501-2228,8
1501-2395,8
117-259,3
117-2537,3
259-2537,3
118-255,3
118-388,12
118-446,13
118-454,14
118-554,2
118-581,4
118-1029,8
118-1343,15
118-1507,17
118-1690,11
118-1851,9
118-2010,2
118-2030,5
118-2112,13
118-2165,6
118-2166,11
255-1343,4
446-1507,10
1029-2166,5
1690-2112,8
1013-1851,5
2030-2112,8
2112-2436,11
1343-2165,7
119-379,11
119-646,7
119-1537,10
119-1549,9
119-1901,12
119-1959,10
132-379,11
379-904,13
379-1022,14
379-1898,9
1455-1537,6
1901-1954,13
132-1959,10
379-1959,9
904-1959,11
1959-2621,6
120-483,10
120-514,6
120-816,12
120-1842,14
120-2405,8
436-483,12
483-816,9
483-2405,9
478-514,9
514-1314,10
514-1882,9
514-1978,9
436-816,10
816-1842,12
816-1980,10
1203-1842,11
1538-1842,10
816-2405,8
1842-2405,9
1979-2405,10
1980-2405,8
2281-2405,7
121-589,12
121-802,8
121-980,11
121-1158,14
121-1910,5
121-2251,10
121-2252,11
589-980,7
589-1158,13
589-1624,12
980-1367,11
980-1623,6
306-1158,8
1158-2252,11
1158-2251,9
2251-2252,7
124-1622,5
124-2478,4
306-1367,31
1196-1367,12
1367-1584,10
1367-1656,9
1367-1778,16
1622-2425,6
125-458,7
125-2363,5
193-458,8
458-1122,7
458-1555,11
458-1953,10
1555-2363,7
126-236,7
126-306,5
126-1551,4
126-1623,6
126-2045,11
126-2079,6
138-236,5
236-306,5
236-2045,6
236-2046,7
236-2078,6
236-2079,7
306-1551,2
1802-2079,6
128-233,4
128-370,9
128-392,10
370-1408,12
370-1414,11
370-1415,12
392-720,10
392-1415,12
392-1825,8
129-701,7
701-735,15
701-739,13
701-2062,8
130-1982,5
130-2017,5
436-1982,15
1487-2017,6
2017-2467,6
131-834,4
131-2169,5
683-834,6
834-876,5
834-2168,3
683-2169,7
1546-2169,10
1547-2169,6
2168-2169,6
132-479,8
132-904,13
132-1022,14
647-904,14
904-1312,11
904-1360,16
1022-1168,12
1022-1276,13
1022-1962,12
133-399,10
133-452,9
133-1670,9
133-1777,10
133-1784,9
133-2045,12
306-452,4
452-1623,6
426-1777,11
1623-1777,7
1624-1777,11
134-406,5
406-505,14
406-2505,6
135-137,6
135-2095,7
135-2144,7
137-2144,9
137-2329,10
137-2504,7
2144-2329,12
2144-2331,9
2144-2504,9
136-831,8
397-2329,8
2329-2331,10
138-306,2
138-1776,6
236-1072,7
236-1572,5
1283-1776,8
1572-1776,7
1623-1776,7
1776-2045,8
1776-2078,7
660-1623,5
1623-1780,8
1624-1780,16
1773-1780,9
140-582,7
140-623,9
444-582,12
582-2548,6
582-2549,7
444-623,13
515-623,11
584-623,11
623-2289,10
623-2464,12
141-740,6
141-1002,6
141-2034,5
740-1002,9
740-2033,9
622-1002,10
1002-1952,14
1002-2033,10
1002-2034,5
142-456,11
142-525,15
142-1628,16
142-2181,8
456-525,21
456-667,9
456-2347,7
408-525,18
415-525,25
525-1540,14
525-2057,12
1540-1628,15
1628-2054,18
1628-2055,16
1628-2057,14
1388-2181,9
2074-2181,9
2181-2197,8
2181-2202,9
143-316,10
316-598,24
316-845,14
316-920,12
316-1297,13
316-1821,8
316-1868,10
316-2004,12
598-845,16
598-869,10
598-1297,14
144-145,5
144-213,5
144-1593,6
144-2192,6
145-213,5
145-537,6
145-1165,6
145-1593,6
145-2622,6
213-1593,6
213-2192,6
537-1593,9
1165-1593,7
537-2192,9
537-1165,9
537-1698,9
146-897,12
146-1468,7
146-1907,10
146-1927,16
146-2059,8
897-1152,11
897-1410,11
897-1907,11
897-2295,12
1275-1468,6
1416-1468,8
210-1907,9
717-1907,7
1906-1907,10
405-1927,16
738-1927,17
1218-1927,17
1927-1929,15
405-2059,9
718-2059,8
1008-2059,8
1435-2059,7
1906-2059,9
147-1976,3
1519-2335,8
1519-2640,3
502-1976,6
1973-1976,10
148-378,8
148-381,9
148-602,8
148-714,8
148-2518,9
378-602,5
381-2538,10
381-2518,9
1135-2518,8
1257-2518,9
2518-2538,10
149-2025,8
2009-2025,7
150-310,19
150-914,6
150-1942,5
310-352,21
310-1241,20
310-1272,13
310-1331,13
310-1581,11
310-1815,8
310-1944,22
310-1945,20
310-1946,18
310-1947,21
310-1950,24
1542-1942,4
151-1986,5
151-2236,8
151-2238,9
151-2335,12
805-2236,10
1969-2236,9
2236-2237,9
627-2335,13
1385-2335,12
1474-2335,13
1481-2335,14
2001-2335,20
2259-2335,14
2335-2336,15
963-2240,10
1157-2240,8
1443-2240,11
2238-2240,13
459-1681,9
154-326,10
154-364,14
154-819,6
154-1238,13
154-1339,10
154-1358,11
154-1444,8
154-1568,12
154-1752,10
154-1753,10
154-1754,15
154-2525,10
326-1358,4
326-1754,6
1238-1358,6
1339-1358,3
1339-1753,5
1307-1444,7
1358-1444,2
1358-1568,4
1358-1752,3
1752-1754,6
1358-1753,3
1358-1754,4
155-817,5
817-1736,6
1358-1736,4
1736-1763,7
1358-1763,4
157-598,4
157-1701,4
157-1870,4
157-2493,7
598-1870,3
1701-1870,3
1870-1986,5
855-2493,8
2398-2493,8
158-2034,5
180-1020,12
180-1807,12
180-2004,12
180-2037,10
180-2076,12
159-180,4
159-2308,5
180-775,5
180-791,3
482-2308,11
531-2308,8
2308-2559,7
160-277,5
160-553,7
160-743,3
160-745,8
160-1986,9
160-2000,6
160-2009,5
277-1869,6
743-1986,6
745-1986,9
1986-2000,4
1986-2009,6
161-2010,5
2010-2016,5
162-323,5
162-1174,6
162-1268,7
162-1667,8
415-1174,14
1268-1929,5
1268-2309,7
438-1667,11
651-1667,9
164-210,2
164-211,4
210-1079,6
210-1626,4
210-1671,11
210-1906,9
210-2309,8
211-356,9
211-1908,7
211-1909,6
165-598,6
165-1473,7
165-2706,7
165-2707,7
598-1473,8
1473-2706,7
1473-2707,7
169-2706,6
2706-2707,7
598-2707,12
166-271,5
166-2617,4
271-638,12
271-1970,9
271-2387,11
271-2498,6
167-168,6
167-1056,6
167-2437,5
167-2482,6
168-2437,5
168-2438,5
1056-2482,5
2437-2438,5
169-1994,4
1986-1994,4
170-1067,6
170-1358,2
1067-2448,11
171-775,6
171-790,3
171-1548,6
180-790,4
482-790,4
790-1548,4
790-1810,5
172-240,6
172-512,3
172-756,6
172-1692,5
172-2187,5
240-756,12
240-1472,9
240-1692,20
240-512,5
512-756,8
512-1472,5
512-1692,9
433-756,6
756-1472,12
756-1692,21
503-1692,19
574-1692,18
1472-1692,17
1514-1692,19
1692-2302,16
1692-2348,19
1692-2349,16
756-2187,7
1472-2187,8
1692-2187,7
173-687,12
173-1033,7
173-1358,4
173-1586,7
687-1358,11
687-2372,15
687-1033,12
1033-2168,11
687-1586,12
1586-2168,11
174-629,7
174-1358,4
174-1742,10
174-2334,5
534-629,8
629-883,8
1358-1742,14
1725-2334,6
955-1482,8
955-1914,7
190-2135,5
551-2388,7
728-2388,7
1914-2388,17
109-610,3
176-973,4
176-231,1
306-973,1
973-1142,5
177-726,8
177-1639,8
177-2679,9
177-2682,7
726-1533,9
726-2671,13
1639-1688,5
1639-2679,8
1257-2679,12
2670-2679,9
2679-2682,7
178-833,9
207-833,9
345-833,10
833-1130,11
833-1641,12
833-1678,11
833-2036,10
833-2495,14
833-2595,9
179-197,1
179-231,3
179-1986,3
197-231,4
197-2412,5
231-232,5
231-1701,4
231-1868,6
1986-1990,23
1986-1993,27
218-1020,11
1986-2004,7
1987-2004,8
181-1013,7
181-1359,8
181-1464,10
181-1683,8
1013-1464,8
1359-1464,12
1359-1914,15
1359-2480,8
262-1464,9
712-1464,11
850-1464,10
1464-1482,10
1464-1683,11
1683-1973,10
1683-2132,9
182-183,3
182-997,3
183-997,3
183-1837,3
997-1837,5
1768-1837,5
184-520,3
185-297,5
185-2003,3
201-297,6
297-598,4
297-899,7
297-1542,4
1986-2003,6
2001-2003,16
186-1228,10
186-1319,8
186-1536,10
186-1672,8
186-2580,11
186-2702,5
1228-1536,8
1228-2580,8
1536-2580,9
972-2580,10
1536-2702,5
187-1208,3
188-1169,4
188-1727,5
301-1169,5
853-1169,14
1358-1727,3
1714-1727,7
189-564,7
189-1509,6
1072-1358,3
1072-1725,1
190-491,4
2135-2282,6
191-608,2
191-1791,4
191-1998,2
1197-1791,5
1791-2045,4
109-1998,4
519-1998,4
1197-1998,6
1781-1998,6
192-2472,3
591-2472,9
1017-2472,8
440-441,11
458-1276,9
194-473,9
194-1050,16
194-1451,8
194-2564,11
194-2646,7
243-473,8
473-1575,6
473-2647,7
1050-1230,14
1050-1320,16
1050-1380,15
1050-2563,14
1050-2564,16
1451-2564,8
1379-2564,9
1380-2564,10
196-442,12
196-2122,10
429-1807,8
429-2041,10
442-627,14
442-2362,10
469-2412,6
1997-2412,7
198-1255,4
1255-2248,16
199-420,3
199-1869,6
420-1869,7
465-1869,9
1097-1869,9
1869-2309,9
200-1439,5
200-2676,5
1439-2676,5
201-570,5
570-2430,5
202-353,5
202-1173,6
202-1250,6
202-1345,1
353-1173,8
353-2507,9
1173-1250,8
328-1250,10
650-1250,7
1250-2507,10
353-1345,4
203-854,8
203-857,5
203-963,4
203-1115,2
203-1869,4
470-854,7
854-1097,6
470-857,7
857-1097,8
470-1115,9
593-1115,9
1097-1115,9
1115-1529,9
204-415,3
415-593,9
415-737,10
415-818,12
415-851,17
415-966,11
415-1644,11
415-1677,12
415-1843,15
415-2182,26
205-1701,3
205-1869,3
1701-1869,5
1810-1869,5
209-2681,7
1390-2681,9
1449-2681,8
2681-2683,8
210-1614,6
210-1905,3
1614-2034,5
1671-1929,9
1671-2136,8
211-1394,3
356-498,11
356-1259,7
356-2116,9
1394-2137,4
415-1908,7
1178-1908,10
1474-1908,9
1677-1908,6
239-1909,8
1131-1909,4
1848-1909,6
212-1290,4
1213-1290,6
1290-2258,6
214-2194,7
324-2194,10
1120-2194,9
2193-2194,8
2194-2195,11
215-1701,2
215-1986,4
215-2045,1
216-1542,3
216-1701,3
812-1542,6
877-1542,12
1176-1542,14
1300-1542,20
1334-1542,14
1542-1936,10
1542-1941,10
217-243,7
217-2473,5
217-2474,4
243-2474,6
243-2647,8
243-2648,8
2473-2648,6
218-482,8
218-733,5
218-781,4
218-792,6
218-1348,13
218-1382,11
218-2076,12
218-2091,3
218-2119,4
218-2594,4
792-1986,7
1348-2163,10
1348-2605,6
1382-1502,11
1382-2283,9
2075-2091,6
219-507,3
219-1413,2
219-1542,4
253-1413,9
812-1413,11
877-1413,14
1413-1542,10
1413-1936,14
220-817,3
376-672,4
221-817,3
817-2456,4
222-821,3
223-744,7
223-1154,12
223-1761,6
580-744,9
744-1154,8
744-1358,4
357-1154,12
957-1154,12
1154-1358,10
1154-1714,8
1154-1742,12
1154-2514,9
1154-2515,13
1205-1761,6
1358-1761,4
224-1810,2
224-2034,3
1810-1811,7
1810-1822,10
1654-2034,8
225-2255,3
226-1701,3
232-1701,5
335-1701,21
1334-1701,12
1440-1701,7
1701-1859,16
227-534,7
227-883,6
534-609,10
534-933,9
609-883,10
883-933,9
228-322,6
228-848,8
228-1358,5
848-985,9
848-1373,7
229-1053,6
229-1405,7
229-1894,9
229-2118,6
1053-1405,6
1405-1508,8
1405-1894,8
1049-1894,12
1149-1894,11
1479-1894,11
1508-1894,8
1894-2118,5
2117-2118,5
230-549,5
230-577,5
230-1095,9
230-1217,6
230-1810,7
549-1497,6
549-1810,4
1095-1325,12
1095-1986,12
1095-2613,8
396-1217,6
231-387,5
231-551,3
231-2217,3
232-869,6
232-1986,8
1701-1868,5
232-1864,5
869-1440,6
869-1701,5
869-1864,6
598-1864,4
1701-1864,4
234-610,2
234-2591,4
235-1701,3
306-1572,2
306-2046,4
2045-2046,7
306-2078,2
237-2539,6
2242-2539,8
2539-2540,7
2539-2632,7
238-1828,6
1408-1828,10
1409-1828,10
1827-1828,10
239-887,1
239-910,2
306-887,5
887-910,7
887-1623,5
887-1624,12
306-910,5
910-1623,8
910-2085,9
241-1441,7
371-1441,22
720-1441,21
1441-2272,9
1441-2274,6
242-838,7
242-1131,4
242-2280,7
270-838,11
838-868,10
838-1131,6
838-2280,7
1131-2155,11
1131-2280,5
270-2280,10
1686-2647,6
244-565,10
244-1358,3
244-1610,9
513-565,9
565-687,11
565-1361,13
565-1398,11
565-1528,12
565-1723,12
687-1610,9
1610-2557,9
1610-2558,10
245-782,4
245-1162,5
1162-1510,8
246-936,9
246-1358,4
246-1687,7
246-2515,8
936-2515,11
936-2530,13
936-2641,9
2514-2515,8
2515-2530,13
247-2583,3
248-1264,5
248-1531,7
248-1964,6
443-1264,5
1264-1531,6
443-1531,8
1531-1889,6
463-1964,10
1906-1964,10
1964-1966,17
249-621,7
249-1978,9
621-1332,7
621-1978,8
621-2018,6
436-1978,15
478-1978,8
250-2429,3
251-253,5
251-812,6
251-1300,13
251-1413,8
251-1542,6
251-1933,5
812-1300,12
877-1300,14
1300-1941,13
1300-2508,12
1300-1933,12
1413-1933,5
252-711,2
252-1973,4
252-2485,5
414-711,9
539-711,12
711-1285,9
711-2112,12
973-1072,6
822-1973,10
1592-2485,11
1851-2485,9
2050-2485,8
507-1933,4
776-1413,11
1413-1934,6
254-507,3
254-1211,3
402-507,3
507-1211,4
255-2112,4
1343-1507,12
1343-1645,11
1343-2316,8
256-756,3
756-1469,10
734-964,17
736-964,16
964-965,12
964-1388,13
964-2198,11
734-1388,19
736-1388,17
706-1240,13
789-1240,10
1240-1443,15
1240-2237,11
260-365,4
261-873,2
261-1479,5
261-1701,4
261-1894,10
873-1479,3
1479-1701,4
262-1351,9
1351-1592,8
1351-1972,11
1351-2134,11
263-364,4
263-732,4
263-1103,3
364-732,14
364-1306,10
364-1358,9
364-1756,15
296-732,9
732-1756,12
732-2685,10
796-1103,8
1103-1123,9
1103-1480,10
1103-1887,6
1103-1888,6
264-472,13
264-844,6
264-1826,8
264-1902,12
472-559,13
472-844,7
472-1182,8
472-1183,12
472-1825,9
472-2029,11
844-1902,7
1408-1826,12
1409-1826,12
1824-1826,6
1826-1827,9
1826-1829,8
793-1902,14
1360-1902,17
1478-1902,12
1829-1902,14
1902-1903,17
1902-1904,13
266-578,6
266-809,6
266-2227,7
266-2229,5
578-1105,7
578-1879,7
809-1115,4
809-2228,4
809-2229,5
634-2227,7
267-670,5
267-2000,5
267-2373,5
670-2606,5
314-2000,4
268-1740,7
268-2451,8
657-1740,16
1035-1740,6
1358-1740,12
1725-1740,18
1740-1804,12
1740-2389,11
1740-2391,4
1740-2392,11
367-2451,10
1757-2451,11
1804-2451,8
2389-2451,13
2391-2451,6
2392-2451,10
2451-2452,14
269-418,3
321-1083,9
321-1450,8
1000-2543,9
2247-2543,12
270-1195,6
270-1215,8
279-1195,7
868-1195,5
1058-1195,7
1131-1215,3
1215-1894,4
638-783,12
638-808,11
638-893,14
638-924,11
638-2387,12
1703-1970,9
1406-2387,9
1510-2387,11
272-2012,3
273-374,1
273-846,3
374-846,4
374-1101,7
374-2146,7
374-2147,7
846-2146,7
274-748,2
748-1103,8
748-1145,7
748-1169,7
748-1358,7
748-1550,9
748-1568,10
275-805,6
275-1967,5
706-805,11
1703-1967,4
276-1463,9
276-1695,7
276-2133,9
490-1463,9
555-1463,7
1463-1695,9
1463-2131,9
1463-2133,9
1695-2133,9
434-2133,12
2054-2133,11
2131-2133,10
277-553,2
277-696,5
553-2009,3
571-696,7
278-1185,5
1185-2349,9
279-304,3
279-502,3
279-666,5
279-2344,3
304-1172,5
304-2423,4
280-1535,6
280-2155,5
1535-1916,6
1535-2293,6
539-2155,10
749-2155,9
993-2155,13
1152-2155,10
2153-2155,6
2155-2293,6
2155-2295,13
101-281,2
746-1303,9
746-2006,7
972-1000,10
1000-1325,10
1347-1997,6
2243-2244,9
972-2247,13
1086-2247,13
1325-2247,13
2246-2247,13
283-1559,5
283-2250,6
1260-1559,6
348-2250,7
1260-2250,7
285-502,1
285-1999,5
818-1999,6
1986-1999,6
287-2705,3
288-618,4
618-938,7
109-289,1
289-1358,2
289-1722,3
1358-1722,2
290-328,7
290-687,11
290-1765,14
290-2359,10
328-951,4
687-1546,12
687-2359,20
501-1765,17
1040-1765,19
1358-1765,15
1562-1765,11
1719-1765,19
1720-1765,19
1744-1765,18
1750-1765,21
2359-2372,13
291-1692,9
1692-2346,9
292-2562,4
1036-2562,4
293-2038,3
2034-2038,5
294-306,2
294-2047,3
306-656,3
2045-2047,2
295-1176,6
295-1177,6
877-1176,9
1176-1935,8
877-1177,9
1177-1542,5
1177-1935,8
296-2685,7
1718-2685,9
2452-2685,8
899-1986,9
298-607,5
298-1095,6
298-1325,5
607-1664,8
327-1325,11
1325-2063,11
299-1484,5
299-2383,7
299-2386,5
299-2498,3
1484-2383,6
885-2386,6
299-2387,5
1484-2498,5
300-634,4
302-306,4
302-350,10
302-719,5
302-1158,10
302-1253,5
306-350,8
350-406,7
350-656,10
350-1623,8
350-2085,10
303-719,4
306-719,2
719-1623,3
308-1253,4
303-1670,4
303-2143,5
308-1670,4
1367-2143,6
1777-2143,6
1787-2143,6
304-1857,2
467-1172,3
305-1416,8
305-1927,10
1416-1923,9
1416-1924,9
769-1927,9
1152-1927,12
1435-1927,13
1923-1927,13
1924-1927,12
306-426,6
306-542,3
306-655,3
306-958,4
306-1245,6
306-1584,4
306-1656,4
306-1770,5
306-1771,4
306-1772,5
306-1782,5
306-2086,5
306-2087,3
542-1245,8
542-1623,4
1584-1798,6
1656-1798,6
1245-1770,9
1623-1770,6
1623-1771,5
1771-1778,9
1335-2087,7
307-991,3
306-308,3
308-350,3
308-2045,4
350-1778,11
350-1782,10
350-2084,8
309-383,4
309-2268,5
309-2305,3
383-733,12
383-1704,5
383-2268,6
733-2268,15
2268-2291,11
453-2305,5
1909-2305,5
2305-2306,9
310-875,6
310-892,5
310-990,3
310-1948,8
310-1949,3
352-1944,7
875-1945,7
892-1950,7
990-1542,4
1272-1945,11
1272-1947,8
1331-1576,6
1331-1810,5
1581-1810,4
1810-1815,4
1815-1950,6
1944-1946,8
1945-1946,11
1945-1947,11
1948-1950,11
1221-1949,7
311-343,4
311-690,5
311-1132,5
311-1865,6
343-1701,2
1147-1865,9
1701-1865,4
312-1610,1
312-1722,1
312-1740,1
1610-2556,5
313-2296,5
1134-2296,8
2230-2296,8
314-1623,1
1623-1773,5
1623-1774,4
1623-1778,9
1623-1782,5
315-408,7
315-1921,6
315-2232,7
408-734,14
408-1841,8
827-1921,6
1416-1921,7
1376-2232,6
2182-2232,18
316-766,5
316-1073,4
598-766,6
766-845,6
766-1297,6
766-1868,6
920-1893,6
985-1073,8
1073-2163,4
598-1821,5
1810-1821,5
317-1624,2
317-1785,3
384-1624,4
1196-1624,10
1624-1705,9
1624-1778,11
1624-1788,7
109-1785,2
1624-1785,2
318-563,4
318-2045,3
563-1337,6
563-2045,8
319-1205,4
1205-1358,3
320-348,1
320-1597,3
432-1597,4
1083-1232,8
1083-1450,8
1083-2114,10
1225-1450,7
228-1871,2
323-2022,4
437-498,4
498-1652,5
454-2022,7
324-827,7
324-2156,6
827-1039,7
827-1999,6
651-2156,6
1224-2156,3
2024-2156,6
325-1848,7
1013-1848,6
1224-1848,3
1376-1848,8
1652-1848,8
327-928,9
327-2063,11
327-2064,8
928-1326,7
928-2063,9
1326-2063,9
951-1358,3
306-329,3
329-1798,4
329-2598,3
306-1798,4
487-1798,6
958-1798,6
1072-1798,6
1782-1798,7
330-1505,2
530-1505,3
331-2480,5
860-1527,2
712-2480,8
397-665,7
576-665,9
333-1358,2
333-1694,3
693-763,8
693-1851,6
693-2108,8
1013-1841,15
335-1986,16
1859-1986,14
336-1944,6
336-1950,9
1944-1945,10
1944-1950,18
1054-1950,9
1241-1950,17
1272-1950,12
1334-1950,18
1432-1950,18
1605-1950,15
1946-1950,16
1947-1950,18
337-1358,5
337-1499,7
1214-1499,8
1358-1499,4
338-1413,4
338-1542,4
338-1934,5
339-813,3
813-2376,5
340-584,8
584-2289,10
584-2464,14
341-613,5
341-1358,4
341-1389,6
341-1546,7
613-1358,2
1358-1389,3
1389-2597,9
1358-1546,4
1546-1804,8
342-1072,2
342-1512,3
244-1072,2
306-1072,5
417-1072,1
773-1072,5
958-1072,5
1072-1483,1
1072-1505,13
1072-1733,5
1072-1740,2
1072-1784,5
1072-1797,5
1072-1801,4
1072-1802,5
1072-1804,3
1072-1805,5
945-1512,3
1512-2145,4
344-389,2
344-661,16
344-854,8
344-2323,5
389-1077,3
854-857,7
854-935,9
346-999,3
346-1358,2
999-1358,2
348-1643,5
348-2248,13
428-2248,15
837-2248,13
856-2248,15
1135-2248,18
1257-2248,26
1366-2248,16
1545-2248,12
349-419,2
349-465,2
465-1403,3
350-2089,8
350-2090,7
656-2090,6
1778-2327,10
306-2084,2
306-2085,5
306-2089,3
2085-2089,7
306-2090,4
1335-2090,8
351-1810,3
1062-1810,4
1121-1810,4
1810-1812,5
1810-1813,4
1810-1820,4
1810-1823,4
352-1294,4
733-1294,3
2221-2507,11
354-2453,6
355-1668,4
1259-2342,5
1218-2116,7
357-657,13
357-1358,4
357-2652,7
657-2523,9
359-389,3
359-1483,3
359-1620,4
389-905,5
389-1483,4
389-1743,7
389-2450,14
562-1483,23
969-1483,9
1358-1483,18
1483-1726,10
905-1620,8
1358-1620,6
1483-1620,6
1620-2450,13
360-1409,6
360-1824,4
1409-1553,10
1409-1827,9
645-1824,3
1183-1824,6
1267-1824,12
1470-1824,9
1824-1825,6
361-2681,6
362-1966,9
443-1966,12
463-1966,9
946-1966,11
1010-1966,11
1569-1966,6
1966-1971,13
363-1003,6
1003-1373,8
1003-2607,5
364-819,8
819-1358,4
1306-1317,5
1358-1756,6
365-2469,2
1475-2469,7
366-553,2
366-745,2
366-1583,2
366-1986,5
367-2083,5
752-2083,1
957-2083,8
1483-2083,4
1550-2083,5
1557-2083,6
1685-2083,4
2083-2168,5
752-2451,3
368-428,8
368-996,4
368-1194,10
368-1366,10
368-1545,9
368-2249,5
368-2393,7
428-1257,14
428-2671,14
428-996,5
996-1135,5
996-1257,7
996-2248,7
1194-1366,7
1194-2670,8
1257-2249,8
2130-2249,7
2248-2249,8
2249-2671,5
369-385,4
369-2484,3
385-2483,5
385-2484,3
2483-2484,4
1408-1553,10
1408-1829,11
371-1414,10
1414-1415,7
371-1415,9
371-720,9
371-1354,10
371-1553,11
400-1354,5
372-626,2
372-1710,1
372-1834,1
626-1358,4
626-2556,5
626-2558,5
687-1710,5
1358-1710,4
1710-2444,4
449-1834,4
800-1834,7
1833-1834,8
1834-2359,6
1025-1042,12
1042-1047,17
1042-2198,17
374-413,2
374-2149,2
509-1101,8
1101-1242,9
1101-2146,11
1101-2148,9
509-2146,10
2146-2147,11
2146-2148,11
1664-2147,10
375-2401,9
375-2434,10
375-2435,6
2401-2434,10
2401-2435,6
220-376,3
672-2456,5
377-678,5
377-733,10
377-1265,7
377-2291,10
678-733,4
733-794,16
733-1265,16
733-2035,13
733-2291,19
733-2302,15
1265-2291,10
715-2291,9
2291-2292,10
380-477,3
380-930,4
380-2569,5
477-2569,4
930-2569,4
2249-2518,3
450-2538,6
492-2538,9
1257-2538,17
191-382,1
191-2385,9
382-1203,3
382-2034,5
1203-2155,5
1704-1912,11
1704-1986,9
384-1623,4
386-2114,9
386-2115,6
386-2117,12
2114-2509,10
2114-2519,10
2114-2588,8
2115-2117,5
2115-2519,7
770-2117,8
1508-2117,10
1846-2117,9
1867-2117,11
1894-2117,9
387-519,1
387-2191,3
519-598,3
519-836,3
519-1986,4
388-2497,3
388-1899,1
1899-1902,7
703-2497,8
389-704,6
562-704,10
704-969,8
704-1412,7
704-1483,7
704-1743,7
704-2450,10
1077-1483,3
1077-2450,3
969-1743,8
1358-1743,9
1483-1743,8
1743-2450,17
562-2450,18
969-2450,16
1284-2450,19
390-1108,3
391-493,2
493-1759,4
1149-1986,15
616-2365,12
998-2365,15
1738-2365,12
392-1619,6
1441-1619,4
1619-2269,5
393-739,9
735-739,18
739-1881,14
739-1958,15
394-577,13
394-849,4
394-1063,6
394-1064,7
394-2351,9
577-906,12
577-1063,10
577-2351,12
849-1993,6
849-2351,5
1064-2351,8
906-2351,9
1129-2351,11
395-640,9
395-1147,9
640-765,9
640-894,8
640-1598,12
765-1147,8
1090-1147,9
1147-1598,8
1147-2367,9
1147-2371,10
1598-2367,14
2367-2368,9
396-1988,4
1986-1988,6
397-879,7
397-1096,5
879-1558,4
401-1096,5
411-1096,3
1065-1096,5
2329-2330,7
398-730,4
398-2177,5
399-1089,7
399-1769,6
399-2107,6
1088-1089,7
1089-2086,9
1183-1354,10
402-776,6
402-1413,5
402-1542,6
402-1932,4
402-1936,6
402-1940,6
776-1542,5
1413-1932,4
1932-1936,6
1300-1940,8
1542-1940,4
403-806,6
403-1037,7
403-1383,7
403-1742,8
403-2503,11
403-2654,4
403-464,9
806-1383,5
1037-2447,7
1742-1749,13
616-2503,11
1216-2503,10
1037-2654,5
404-1170,5
404-1476,5
1170-1476,5
405-738,7
405-1275,6
407-409,1
407-695,3
407-1681,1
407-1682,3
695-1682,8
1681-2318,6
1682-2189,10
1682-2321,10
734-736,20
734-751,18
734-1006,16
734-1841,16
734-2202,15
736-1841,15
409-1624,4
409-1681,3
409-2084,4
1681-2319,4
1681-2320,6
410-676,6
410-1179,5
676-1955,13
676-2235,8
1179-1955,12
411-1488,4
411-1577,6
411-2609,7
1096-1633,4
792-1488,6
1465-1488,8
1054-1577,13
1099-1577,11
1221-1577,13
1334-1577,10
1542-1577,8
496-711,6
711-2111,5
711-2113,1
1013-1644,5
1013-1843,9
1013-1847,5
416-519,1
416-1701,2
306-417,1
417-2494,5
102-1871,3
2494-2495,8
421-2213,5
421-2216,4
708-2216,5
2212-2216,6
422-545,3
424-436,3
424-1203,3
436-668,4
436-878,12
436-1332,12
436-1979,9
461-1203,5
425-2466,6
533-2466,7
1007-2466,8
1758-2466,8
426-487,12
426-1772,9
426-1782,10
426-1789,8
426-1805,8
487-1772,12
1564-1772,7
1772-1782,8
1772-2045,10
487-1782,9
1015-1789,8
1773-1789,7
306-1805,4
427-565,4
427-1528,6
526-565,4
565-1610,6
513-1528,8
1361-1528,8
1398-1528,8
1257-2673,15
1135-2671,18
1257-2671,20
2671-2672,14
2671-2673,16
2671-2674,16
429-523,6
429-1493,2
617-705,6
1015-1618,14
1425-1618,8
1481-1669,9
1669-1892,9
1807-2034,3
1889-2034,10
2034-2041,4
2001-2044,11
430-2130,12
691-2130,14
791-2130,12
912-2130,13
983-2130,7
1261-2130,14
1889-2130,16
1890-2130,15
1891-2130,14
2034-2130,13
2127-2130,11
431-2694,5
431-2695,5
2694-2695,5
432-1442,3
433-436,3
434-1524,6
434-1693,11
434-2408,8
1524-1693,6
1524-2499,7
965-1693,11
1391-1693,8
1693-2408,8
435-486,4
435-733,5
435-1912,9
436-885,3
436-1039,8
436-1131,2
436-1494,3
436-1980,7
436-1981,5
878-885,6
436-1977,3
437-718,6
437-1985,4
438-718,10
718-2261,7
438-1985,8
438-1983,9
438-1984,6
1983-2034,4
651-1984,8
1178-1984,7
1266-1984,6
1529-1984,7
439-1169,5
439-1642,5
1642-2657,6
440-725,11
440-2179,5
725-1104,9
725-1652,9
725-2071,13
441-2094,1
451-671,6
671-973,7
911-1051,10
443-1010,7
444-488,2
444-515,8
444-828,6
444-2289,9
444-2290,5
444-2464,10
515-2464,10
515-2465,7
828-1795,9
828-2464,5
2289-2464,13
1207-2290,6
2290-2464,5
445-909,4
445-1434,4
1434-1986,7
446-903,6
903-2030,7
1507-1645,10
1507-2436,11
1616-2050,6
448-472,5
448-1824,5
448-1826,2
448-1902,6
73-1035,6
449-1280,6
1280-2612,6
450-1569,6
1050-1569,8
451-935,8
451-2285,8
671-2025,5
661-935,16
935-973,9
2284-2285,7
2285-2286,8
452-1258,4
505-1258,10
453-1806,4
453-2306,8
962-1806,8
1818-2305,5
1818-2306,8
2306-2552,8
454-581,6
454-1661,5
454-1917,7
454-2190,5
2022-2190,5
454-2188,4
455-1664,8
455-2147,9
455-2486,6
785-1664,7
2147-2486,7
1684-2486,7
456-2472,6
1580-2199,12
1540-2054,9
544-2347,6
667-2472,8
1276-1962,8
1470-1555,11
1555-1953,7
1470-1953,10
460-1986,5
460-1989,2
460-2532,2
1986-1989,4
461-2309,4
1203-1215,6
1203-1410,6
994-2309,9
462-1048,2
463-1702,9
463-1703,9
759-1703,14
464-1758,6
580-1758,6
1358-1758,6
1742-1758,6
464-2445,4
580-2445,5
1742-2445,4
2445-2503,4
465-896,2
465-2304,6
1403-2317,4
733-2304,5
2304-2385,6
466-1305,6
466-1358,5
466-1738,9
1305-1358,4
1358-1738,5
467-1701,3
467-1708,2
468-647,7
468-1311,2
468-1313,7
647-1267,9
647-1360,13
1311-1312,4
1311-1313,4
573-1313,7
1312-1313,8
1313-2407,7
469-620,6
469-2304,5
620-923,6
620-2534,10
470-1097,6
471-1013,5
471-2013,3
471-2394,7
724-2394,11
1027-2394,8
1174-2394,6
2394-2395,12
2394-2397,8
559-1182,8
1182-1183,6
1182-1579,9
1183-1579,12
1183-1825,7
1543-2029,9
1579-2029,9
474-1181,3
475-2219,4
306-476,1
1072-1800,3
477-930,3
478-2024,8
885-2024,7
1332-2024,10
479-1880,6
661-1880,8
1269-1880,9
480-598,4
480-687,7
480-1426,5
480-1710,2
480-2359,10
480-2372,8
760-1426,9
481-823,4
823-1169,6
823-1358,5
823-1765,8
823-2221,8
481-2291,5
482-1807,8
482-1810,8
482-1812,10
482-1814,8
482-2230,11
482-2307,1
1812-1986,6
1812-2550,5
1810-1814,3
938-2230,9
1505-1699,10
1705-2081,8
839-965,9
839-2277,8
487-859,5
487-1705,8
487-1773,8
2026-2045,10
488-2547,3
515-2547,3
489-1358,3
489-2390,5
489-2391,4
1041-2390,9
1740-2390,5
2390-2391,4
2390-2451,4
490-826,5
490-1131,6
490-1879,4
490-1981,6
490-2105,5
826-2287,8
826-2528,8
1131-1133,7
517-2105,4
492-688,3
492-956,9
492-1257,11
492-1533,10
492-2673,9
492-2678,7
688-1257,4
956-2677,6
1109-1533,10
1533-2671,15
1135-2678,6
1257-2678,5
569-1759,6
1358-1759,3
495-1327,5
495-1328,5
495-2192,5
1327-1328,7
1327-2161,7
1328-2160,13
496-596,6
496-992,6
436-498,5
604-1652,6
499-2457,7
499-2458,5
1917-2457,7
2457-2458,7
2457-2649,8
500-2241,7
1191-2241,9
1503-2241,10
2207-2241,9
2241-2242,9
501-1358,3
825-1765,8
1755-1765,13
503-576,8
574-576,9
576-2348,9
1986-2001,11
2001-2381,13
504-1973,7
504-2394,8
504-2396,5
1482-1973,8
1421-2394,12
2394-2396,10
1420-2396,7
505-573,7
505-843,7
505-1180,11
505-1304,11
505-2083,7
1180-1304,7
506-1013,6
506-1352,3
506-1914,4
506-1918,3
507-1363,2
507-1413,2
507-1940,2
1542-1931,4
1941-2508,8
508-2325,4
1991-2325,5
509-2148,8
1242-2146,11
1242-2148,9
510-1013,4
510-1131,2
510-1171,6
1121-1131,8
1131-2283,5
649-1171,11
681-1171,12
687-1171,10
1092-1171,12
1171-1295,11
1171-1355,9
1171-2359,10
511-549,4
511-1810,3
513-657,11
657-867,17
657-1229,21
890-1314,7
1269-1314,12
516-1882,4
661-1882,11
515-1102,6
1102-1207,6
1102-2464,6
1102-2465,6
2464-2465,14
516-2104,3
1309-1882,5
517-952,3
666-1973,6
109-519,5
306-519,4
519-1346,3
519-1670,3
519-2045,4
306-1346,3
1346-1670,5
521-598,3
598-637,5
598-1299,3
598-1573,10
598-1823,6
598-1875,3
523-949,4
523-2406,4
2043-2406,4
524-552,5
524-1169,6
524-1358,5
524-2476,5
552-1169,5
552-1358,4
552-2201,4
979-1957,2
526-1007,4
526-1216,7
526-1742,4
565-2279,3
1007-1154,6
1007-1742,6
1067-1216,8
1216-2446,7
580-1742,12
528-803,4
803-2100,7
529-1417,9
529-1419,7
529-2260,7
1417-1452,8
1417-1529,8
1417-1703,7
1417-2260,9
1417-2350,6
1419-2259,9
1419-2260,7
530-2094,3
773-1505,10
1505-1788,8
1505-1801,7
1505-2086,11
532-1701,3
532-1863,3
1701-1863,3
533-1742,8
1427-1742,10
1742-2307,4
609-2446,13
609-2447,9
609-2448,11
535-2392,4
535-2641,5
536-1894,7
1698-2160,12
538-1286,3
1224-2155,15
541-1360,14
1360-1904,13
1360-1960,14
793-1896,10
1144-1245,6
984-1068,7
984-2265,8
399-544,1
544-1769,1
680-2199,3
1692-2347,6
546-1608,6
546-2127,5
1608-2124,9
1608-2126,9
1608-2489,7
1119-2127,8
2124-2127,8
547-598,1
547-1701,2
548-809,3
548-843,4
548-1523,4
548-1937,4
548-2138,5
843-2339,9
843-2542,6
598-2138,3
944-2138,4
945-2388,5
1377-2388,3
553-745,1
553-1127,2
553-1583,2
553-1995,2
1127-1986,4
1986-1995,4
306-554,1
554-685,1
556-1623,4
556-1805,4
557-1725,7
1725-2597,12
558-1706,7
1706-2585,5
560-774,2
560-2526,3
585-2526,3
562-1735,8
1358-1735,7
565-1038,2
1038-1358,4
566-1907,4
566-1986,4
673-1907,2
681-1986,11
567-1513,3
760-985,9
760-2460,7
760-1513,4
568-1116,4
568-1223,5
568-1810,4
1116-1223,5
569-2512,4
571-1570,3
696-1570,3
743-1570,2
572-1416,5
572-2025,5
1120-2025,7
1583-2025,5
306-573,1
575-2283,4
576-1810,3
577-849,3
577-870,3
577-1129,11
577-1518,4
577-2352,3
577-2353,3
577-2354,2
1129-1518,5
1129-2353,8
578-1974,3
1526-1879,5
737-1974,3
1973-1974,3
579-994,6
579-1134,7
579-1808,6
835-1134,8
962-1808,10
1808-1810,4
306-581,2
581-1623,1
1795-2464,15
586-1224,6
587-1032,3
588-2383,6
808-2383,7
893-2383,9
924-2383,7
2382-2383,7
590-1441,3
590-1954,3
648-1441,7
1060-1441,7
1441-2273,10
1441-2275,8
1128-1954,8
1954-1955,15
1954-1956,12
1954-1957,4
1954-1958,14
1954-2275,7
591-642,4
591-1017,7
591-1078,3
591-1423,4
642-2472,4
1423-1692,4
592-2669,3
593-1474,7
1115-2276,6
1474-2261,6
594-663,1
594-2195,2
595-1256,6
595-2176,6
597-1104,4
597-1628,4
1104-2264,5
598-968,3
598-1003,1
598-1100,2
598-1107,3
968-1986,5
1100-1701,3
1299-1701,3
1573-2698,6
1875-1986,5
599-1271,4
600-2394,5
601-2229,3
603-716,3
603-1248,1
603-1821,5
603-1873,2
603-2045,2
716-1810,4
716-1821,4
795-1810,3
1701-1873,4
1820-1873,5
1873-1986,5
1652-1972,5
1421-2109,14
1975-2109,12
2109-2110,11
605-1107,5
605-2534,6
1107-1810,4
1107-2243,4
1107-2379,5
729-2534,7
1159-2534,7
2534-2535,7
607-1213,4
1084-1213,6
1041-1243,7
1041-1358,6
1041-1466,8
1041-2448,10
1712-2446,12
1749-2446,12
2446-2447,11
2446-2448,11
762-2448,6
840-2481,6
611-2690,3
612-2235,4
1955-2235,5
614-888,4
614-1475,9
614-2470,3
888-1475,7
888-1556,6
1017-1475,8
1475-2470,5
615-2443,4
1742-2443,5
616-1358,4
1038-2503,5
791-2034,4
1812-2034,4
1968-2034,9
2034-2039,6
239-1069,8
239-1274,6
239-1376,9
622-886,6
622-1951,9
622-1952,13
886-1400,6
1951-1952,14
1951-2204,9
788-1952,15
1654-1952,13
1952-2204,13
624-1042,7
624-1232,4
1042-1125,13
1042-1198,7
1042-2073,11
625-1024,3
628-1169,6
628-1725,9
628-1764,4
1358-1764,2
630-973,3
973-2153,5
631-2358,3
1185-2358,9
632-1430,3
1430-1718,7
1701-1866,4
1630-2227,7
2227-2228,4
635-2058,5
1378-2058,8
2058-2150,7
636-2233,4
2182-2233,10
2233-2291,5
637-1641,5
1641-2495,9
638-1773,2
783-893,10
783-1061,6
783-1143,9
783-2376,10
808-924,5
808-1785,3
639-900,3
811-900,4
640-2420,3
765-2367,6
894-2367,4
641-2704,3
573-643,5
573-2407,5
643-1167,5
643-1538,9
643-2407,6
1133-1538,10
1500-1538,10
1538-2185,10
644-1258,3
728-1070,1
645-1267,5
645-1358,2
645-1826,6
645-1895,2
645-1898,9
645-1899,2
645-1901,8
1549-1901,9
1901-2284,9
1901-2286,10
649-1457,5
1171-1855,6
1019-1457,6
1456-1457,6
650-819,4
650-1557,4
650-1685,3
650-1756,5
1035-1486,5
1486-1745,6
957-1557,10
1557-2168,8
957-1685,10
651-885,5
651-2023,4
885-1039,6
653-1231,3
657-871,10
657-1254,10
657-1729,3
657-2440,5
657-2442,6
657-2522,4
867-871,9
871-1229,12
871-2530,12
1229-1358,14
1229-1254,13
1254-1308,8
1358-1729,3
867-2440,7
1229-2440,6
2440-2530,6
2442-2614,6
867-2522,6
867-2523,9
658-2147,3
661-1045,1
661-1878,8
661-1881,12
661-1883,7
807-1226,8
807-1955,11
807-1956,8
735-1881,11
1543-1881,7
1881-1958,9
662-932,3
663-2195,2
664-1701,3
667-2364,4
2051-2364,5
2266-2364,6
669-729,6
669-1086,7
669-1124,6
729-1159,7
729-1221,9
729-1701,5
1086-1124,8
1075-1124,6
673-1986,5
674-1907,4
2211-2356,8
1168-1955,11
1226-1955,12
1955-1956,12
677-954,3
954-1112,4
733-759,6
733-1192,9
733-2301,5
679-1395,4
948-1395,8
1395-2072,11
1395-2189,11
1395-2266,12
1395-2267,10
731-2199,6
901-2199,9
2186-2199,6
681-1445,6
681-1446,6
1445-1446,5
682-1224,2
778-1224,5
1224-1583,4
1224-1851,4
1224-1919,5
684-1282,4
684-1358,3
686-1358,6
1071-1257,9
1135-1257,17
1206-1257,7
1257-2677,10
689-1169,6
689-1292,4
689-1317,6
689-1358,5
1292-1317,5
1292-1358,3
1040-1317,15
1317-1719,15
1317-1720,15
692-2629,3
707-763,1
763-1635,2
694-1478,5
694-2516,3
1072-1478,2
801-2516,3
2516-2517,5
695-948,3
695-1012,6
695-1681,5
695-1790,2
695-1998,2
695-2319,5
1986-1998,3
1015-1068,14
1015-1143,16
1015-1385,15
1015-1425,15
1015-1452,14
1015-1481,17
1015-2263,15
699-2045,2
699-2327,5
306-2045,9
1490-2327,7
2327-2328,6
700-1691,3
735-1237,10
735-1543,11
735-1958,13
735-2060,9
735-2061,9
735-2062,9
739-1543,8
702-777,1
702-779,2
702-822,9
702-993,10
702-1368,9
702-1637,2
702-2069,11
702-2070,11
702-2101,10
779-1919,5
1368-1911,7
1637-1973,3
2069-2070,7
703-801,6
703-1961,5
801-1470,8
801-1961,6
1022-1961,6
1578-2497,5
1412-2450,10
708-1358,3
1358-1718,9
1358-1744,7
1724-2216,5
709-1896,5
709-1903,7
1896-1897,6
793-1903,11
840-1903,10
1897-1903,9
1903-1960,13
1903-2592,8
1077-2113,3
712-850,7
713-1044,3
1682-2291,8
716-2409,3
1057-2409,5
721-1034,3
722-1273,3
722-1567,7
722-1874,7
722-2500,7
722-2501,8
1273-2129,6
1567-1654,9
1567-1874,10
1567-2500,8
1701-1874,7
1874-2500,9
1874-2501,11
1092-2501,10
1321-2501,8
724-1344,5
724-2395,6
815-1344,6
2228-2395,3
725-1137,3
755-2071,8
1435-2071,11
1592-2071,8
1840-2071,9
1109-2671,15
1206-2671,9
2671-2675,14
727-1386,6
727-2570,8
1386-2570,9
1386-2571,6
1151-2570,9
728-2553,2
1070-1072,1
728-1296,4
748-2553,2
1221-1607,9
731-901,8
731-1279,9
731-2203,9
901-1042,10
901-1279,9
901-2073,9
901-2186,7
1279-2186,9
1279-2203,8
2203-2330,9
2203-2511,7
733-1062,4
733-1682,4
733-1817,4
733-1818,4
733-2008,3
734-2277,6
736-751,11
736-1006,10
751-1204,9
751-2198,9
751-2202,6
1006-1302,5
736-2197,12
965-2197,10
736-2202,10
2074-2277,7
739-1237,7
1237-1958,8
1631-2196,6
737-1269,9
737-1630,7
737-2136,7
890-1269,10
1227-1269,10
1269-1630,11
1269-2227,11
788-2033,7
1336-2033,7
741-831,9
741-1011,6
741-1088,4
741-1282,5
831-1011,8
831-1638,8
831-1733,8
742-1483,1
742-1620,1
742-1743,1
1412-1743,4
743-745,2
743-1239,5
745-1127,2
745-1995,2
745-2009,2
1026-1303,8
1303-2163,9
1986-2006,5
2006-2477,5
118-1538,1
748-1732,2
1145-1169,5
1145-1358,5
1358-1550,3
274-749,2
749-1333,6
1333-2195,7
750-1441,4
1204-1330,10
2055-2198,9
2182-2198,15
752-957,5
957-1358,8
957-1757,10
753-1269,4
753-1880,2
754-1358,3
754-1483,5
754-2450,8
755-1898,4
755-1277,2
1713-1898,4
1566-2071,7
2015-2071,4
756-885,3
756-2186,5
1469-2349,7
1692-2186,3
757-1284,5
757-1358,3
757-2421,4
902-1284,9
998-1284,13
1284-1358,7
1365-1703,9
760-2459,7
985-1149,8
985-1358,5
1513-1830,4
2459-2689,6
761-1443,10
1350-1443,11
762-859,5
859-1030,5
1628-1635,3
764-796,3
764-1358,3
764-1612,4
796-1317,4
796-1358,3
768-1566,8
768-1724,8
1358-1724,5
770-1894,4
772-908,2
908-1013,4
1413-1931,7
778-779,4
778-1370,6
778-1914,16
778-1919,6
779-1224,3
779-1914,7
779-1973,5
1224-1370,3
1370-1919,6
1370-2485,8
1402-1919,10
1914-1919,8
779-1370,2
779-1592,3
1592-1914,7
780-2341,3
781-2402,4
2402-2403,6
1061-2376,7
1143-1618,9
1143-2376,11
1202-2376,14
1428-2376,15
784-960,4
784-1701,2
960-1776,4
960-2650,5
786-947,3
792-1558,7
792-2555,7
1014-1558,10
1558-1986,9
1558-2340,9
961-2555,7
1728-2555,8
2555-2599,10
793-2592,7
794-1590,6
795-1645,6
1148-1317,10
1317-2220,10
800-820,6
800-889,9
1035-1833,8
798-1381,7
798-1794,7
798-1795,8
1381-1794,6
798-1793,3
1794-1795,8
1794-1796,5
799-961,6
961-1728,10
961-2599,9
820-889,7
889-1830,10
802-1307,3
830-2100,6
2100-2101,5
804-1307,6
922-1307,7
1307-2536,6
1226-1956,9
1226-2528,8
810-1068,4
811-855,5
814-893,3
814-1158,6
814-2382,3
814-2383,4
1158-2382,5
815-2017,2
816-2282,1
1842-1979,9
1842-1980,9
1979-1980,9
1351-2282,5
819-1606,2
364-1606,2
764-1606,3
1525-1973,5
1973-1975,11
1148-2221,8
1317-2221,7
1739-2221,8
2220-2221,9
824-1831,3
889-1831,5
1492-1765,5
1711-1765,6
829-1816,2
1810-1816,3
1184-2100,3
832-2600,3
1130-2495,7
835-1121,5
835-1654,7
708-836,2
708-2212,3
836-1013,2
836-1131,4
836-1343,3
836-1572,3
836-2078,3
836-2403,4
837-1422,5
837-2670,6
1071-2248,11
868-2099,7
841-2034,3
2339-2340,8
847-2189,4
847-2422,5
1926-2189,6
850-2278,3
1359-2278,4
852-1800,2
853-1358,5
856-1390,5
1461-2248,9
857-1246,3
858-2182,12
858-2502,4
2072-2182,14
2182-2231,9
859-2096,5
859-1199,5
881-1199,6
1199-1716,5
1009-2096,6
1784-2096,6
1856-2096,6
2026-2096,7
860-1427,2
860-1758,3
1427-1725,9
1427-2446,7
1527-2450,3
861-2068,7
861-2330,5
1330-2068,7
865-2653,3
1049-1432,6
1049-2610,4
867-1229,17
867-2439,7
867-2442,5
871-2652,5
867-1252,4
1229-2439,8
2439-2530,9
2439-2652,6
1229-2442,4
2442-2530,4
868-988,1
868-1341,6
868-1526,10
868-1844,3
868-2276,8
1341-2425,7
1013-1844,3
1844-2276,5
490-2099,7
1526-2099,9
2099-2425,8
870-1119,3
870-2126,4
1119-1462,13
1119-1697,9
1119-2124,15
1119-2125,10
1119-2126,13
1119-2128,15
1111-2126,8
2124-2126,14
2125-2126,11
1229-1308,14
1229-1384,12
1229-1506,11
1229-1749,15
872-1340,3
872-1413,3
872-1542,3
1340-1413,5
1340-1542,4
1340-1943,4
873-1358,3
873-1708,5
873-2313,4
1358-1708,3
1708-2313,4
874-1701,3
1701-1877,4
875-914,3
875-1942,4
875-1950,4
1726-2168,8
877-1935,7
1413-1935,5
1542-1935,5
878-2326,2
1998-2326,4
880-1013,4
881-1155,5
1155-1229,8
1199-1214,6
1199-1566,5
1199-1599,7
882-1358,3
933-1038,2
1400-2698,6
889-1832,5
1067-1830,6
645-891,5
645-1495,4
645-1900,5
891-1674,5
891-2608,6
1674-1914,8
1674-2608,6
1900-2608,6
894-1845,3
2367-2369,6
1187-1188,5
897-1494,4
1152-2416,7
1121-1410,8
1835-2160,12
2160-2161,12
899-1055,3
899-1858,2
1055-1577,4
1701-1858,3
902-1358,3
903-2031,3
2031-2436,4
905-1483,4
906-2353,5
907-1916,5
1914-1916,5
1082-1534,7
1428-1534,13
1429-1534,9
220-913,1
915-1035,2
915-1740,1
915-2415,2
915-2597,2
2413-2415,5
2415-2597,6
1358-2597,5
1734-2597,10
916-1026,3
1026-2034,4
1026-2531,4
917-2639,3
918-1098,7
918-1542,4
918-2065,6
1098-1477,9
1098-2066,10
1098-2067,9
2065-2066,8
2065-2067,8
1889-1893,10
921-1914,14
921-2134,5
921-2293,4
830-1914,8
1676-1914,13
922-1406,5
1051-2383,3
925-1222,3
929-1358,3
929-2627,3
931-1433,2
1035-1433,3
1433-2359,5
935-1873,2
937-1180,6
937-1304,6
937-2096,5
938-2027,4
2027-2360,4
939-2173,3
2173-2174,4
940-1829,3
941-2517,4
942-1924,4
942-1952,4
943-1196,4
1196-2300,6
945-1072,4
1512-2023,3
1911-2553,6
946-2623,4
948-1681,3
948-1682,5
1012-1681,1
953-2565,6
953-2566,5
953-2567,3
2565-2566,6
2565-2567,5
1402-1482,11
1482-2132,9
1358-1757,3
959-2529,2
337-1776,6
1282-1776,4
1499-1776,5
1776-2324,5
1728-2599,8
962-1062,7
962-1665,8
962-1807,7
962-1809,3
962-1810,7
1615-1665,5
1665-1701,5
1806-1809,4
1809-1810,4
1141-2294,5
967-2659,3
968-1603,3
969-1735,7
1483-1735,6
1565-2365,6
972-2579,4
2247-2509,11
1086-2579,5
1225-2579,5
252-973,2
974-1496,3
976-998,4
976-1431,3
978-998,4
998-1431,5
977-1281,4
1281-1358,4
1281-1746,7
1281-1748,7
978-1358,1
524-979,1
1502-1503,10
981-1159,4
981-1221,6
982-1091,7
982-1256,8
982-1458,7
1149-1358,2
986-2697,3
987-1175,3
1175-2359,4
989-1507,6
989-1645,5
989-2436,5
990-1054,2
1054-1099,9
1054-1432,7
1054-1605,7
1143-2155,6
1021-2309,4
1399-2309,2
995-1309,8
995-1912,7
995-2385,6
1309-1338,10
1309-2102,11
1309-2103,11
1174-1912,9
1296-1912,8
1338-1912,8
1912-2102,8
1912-2103,8
1912-2404,9
1338-2385,7
2102-2385,8
2103-2385,8
996-2518,2
1071-1135,8
1004-1489,3
1005-1541,3
1008-1416,7
1008-1922,7
1008-2575,6
306-1009,2
1012-1682,6
1012-1797,5
1797-2088,6
530-1013,1
1013-1120,6
1013-1403,2
1013-1583,3
1013-1625,4
1013-1661,2
1013-1675,4
1013-1840,7
1013-1842,1
1013-1845,2
1013-1846,3
1191-1558,6
1558-2339,8
1015-1519,5
1015-1788,4
1015-2262,3
1519-1534,6
1618-1789,4
1143-2262,4
1018-2378,4
1022-1963,8
1962-1963,6
1023-1701,3
1023-1986,5
1023-2568,3
1085-2394,8
1420-2394,9
2228-2394,6
1040-1358,6
1150-1243,5
1243-1358,3
1042-1481,5
1042-1925,5
1042-1926,6
1042-2051,7
1047-1588,6
1047-2333,5
1416-1925,6
1588-2055,8
1588-2333,6
306-1045,3
1045-1571,4
1045-1773,5
1202-1510,11
1202-2336,12
1428-2336,14
2336-2524,10
1432-2663,6
1050-1081,5
1050-1342,3
1081-2563,3
1230-1342,5
1379-1380,7
1052-1701,3
1099-1607,8
1605-2663,6
1059-1600,2
1061-1196,3
1062-1192,4
1063-1518,3
1064-2352,3
1129-2352,4
1065-2211,3
1066-1574,2
1574-1986,4
1067-2307,4
239-1759,3
1070-1358,1
1070-1725,5
1725-2413,8
1071-2671,10
1072-1799,2
1358-1733,2
1623-1784,4
1784-2045,6
306-1802,3
306-1804,1
1502-2163,11
1074-1675,6
1074-1676,8
1675-1676,5
1675-1914,5
1676-1975,9
1075-1701,3
2113-2450,3
1079-1914,3
1080-2344,4
2343-2344,5
2344-2475,6
1082-2386,4
1085-1421,5
1085-2109,6
1085-2110,5
1420-1421,9
1421-1975,11
1421-2110,9
1396-2109,8
1975-2110,9
1092-1106,3
1106-1874,4
1106-2501,4
1477-1542,5
1477-2066,7
1477-2067,7
2066-2122,5
1542-1607,4
1102-2290,3
1207-2464,6
1103-1748,4
1103-1760,4
1123-1358,1
1358-1480,2
1358-1748,2
1358-1760,2
1503-2243,10
2243-2245,9
2243-2246,11
2002-2379,7
1109-2674,8
1109-2675,8
2674-2675,7
1110-1120,2
1110-1224,2
1110-2025,3
1110-2295,4
1120-1583,3
1111-1119,3
1111-1273,3
1111-2125,6
1111-2129,5
1273-2034,6
1273-2124,6
1273-2125,6
1273-2126,6
2124-2125,10
1119-2129,6
2128-2129,5
1114-1717,6
1114-2560,5
1358-1717,4
1717-1731,8
1717-2560,5
1178-1529,9
1119-1235,4
1119-1273,2
1119-1663,7
1235-1462,6
1235-2126,5
1462-1611,7
1462-1663,7
1611-2124,10
1121-2136,6
1125-2332,3
1481-2332,5
1669-2332,5
1126-1823,3
1127-1583,3
1128-2275,5
1131-1224,1
1131-1930,3
1131-2281,4
1131-2282,1
1927-1930,4
1131-1500,5
1131-1538,4
1131-2185,5
1133-1500,7
1133-2185,7
1500-2185,7
2554-2689,5
1142-2326,4
1144-1623,3
1148-1747,4
1148-2220,7
1358-1747,4
1169-2220,4
2220-2525,6
1894-2034,2
1151-2700,4
2570-2572,5
2416-2417,5
1169-1714,3
1358-1714,4
1158-1635,5
401-1160,1
1163-1402,8
1163-2132,6
1402-1972,8
1166-1986,4
1070-1167,2
1070-1470,4
1070-1829,4
1169-1731,5
1358-1719,5
1358-1720,5
1358-1731,5
1358-1734,7
1171-1909,2
1295-1987,5
1701-1855,3
1178-2350,6
1266-1529,7
1529-1908,7
1529-2350,6
1185-1460,4
1185-1992,2
1185-2589,2
1185-2590,2
1460-2358,4
1986-1992,4
2349-2358,7
1186-2535,5
1186-2574,2
1191-2339,6
1192-1621,4
1424-1621,6
306-1193,2
1193-1705,5
306-1705,4
1289-1705,6
1214-1716,5
1566-1895,7
1358-1716,3
1716-2446,8
1200-1502,8
1200-2207,6
1200-2414,3
1201-2533,2
1202-1428,13
1202-2524,9
1428-1429,12
1428-2520,10
1428-2524,11
1210-1648,3
1212-1701,3
1222-1224,1
1224-1291,3
1224-1341,3
1224-1525,3
1224-1526,3
1224-1587,4
1224-1660,3
1224-1732,2
1224-1975,4
1224-2152,3
1224-2153,2
1224-2154,5
1229-2441,3
1358-1384,3
1358-1749,4
1233-2433,3
1235-2577,4
1663-2577,5
1236-2479,3
1239-2027,3
1239-2611,3
2025-2027,6
493-1244,1
1247-1679,4
1248-1651,3
1248-2045,2
306-1651,3
1651-2045,4
1249-1483,3
1249-2558,3
1252-2656,2
2522-2656,3
1263-1407,3
255-1266,3
1929-2034,5
1270-1622,3
1270-2034,3
2034-2037,5
1278-2268,5
1278-2305,4
1278-2306,6
1516-2612,5
1358-1746,3
905-1282,2
1282-1483,3
1282-1735,2
1412-1735,3
1282-1283,3
1282-2324,3
1283-2324,3
1285-2182,3
1289-1622,3
1705-2322,5
1291-1660,4
1291-2154,4
1660-2154,6
1587-2154,6
1986-1987,11
1987-2509,10
1296-1910,1
1298-2703,3
1299-1810,2
1334-1941,5
979-1303,4
979-1503,4
979-2207,4
1309-1625,2
1309-2015,3
1310-2692,3
1311-2080,3
1319-2034,3
1665-2034,7
1320-1491,2
1320-2684,4
1323-1701,3
1324-2035,4
1324-2265,4
1330-1837,5
1335-1856,6
306-1856,3
1856-2045,6
1526-2425,9
1447-1928,7
1928-2475,8
1986-1997,5
2164-2282,6
1355-1957,4
1957-2241,4
1957-2630,5
1356-1613,1
1357-2025,4
1357-2170,4
2170-2171,5
1358-1516,2
1358-1562,2
1358-1730,3
1360-2491,5
1904-1960,8
1960-2491,6
1539-1914,5
1363-1413,1
1365-2509,8
1365-2519,7
1368-2553,4
1370-1525,1
1370-1975,2
1525-1914,4
1371-1393,1
518-1373,1
748-1374,1
1375-2586,3
1377-1840,6
1377-2068,3
1377-2069,6
1377-2070,6
1378-2150,5
1378-1544,3
1487-2137,3
1671-2137,7
2266-2267,7
2266-2321,8
1396-1399,3
1396-1421,5
1396-2228,3
1396-2394,7
1396-2395,2
1399-2394,2
1399-2227,5
1553-1827,5
1411-2218,3
1459-2218,4
1412-1483,2
1416-1926,5
1436-2259,4
2259-2337,6
1424-1813,3
1429-2520,3
1437-1688,3
1688-2671,6
1438-2664,3
1441-1700,2
1442-2462,2
1444-2323,1
1927-1928,5
1453-1701,2
1453-1986,4
1460-2349,3
1463-2132,2
1465-1799,3
1488-2601,2
1701-1799,2
1469-1498,2
1469-1692,5
1469-2346,4
1469-2358,3
1469-2590,2
1498-2349,4
2346-2349,6
1470-2553,2
1358-1471,2
1471-1646,3
1358-1646,2
1358-1726,3
1484-2520,4
1485-1914,3
1914-1917,6
650-1486,2
2601-2609,5
1004-1810,2
306-1490,3
1490-2085,5
1358-1492,2
1497-2034,4
1498-2025,3
1498-2590,2
1511-1519,3
1519-2108,4
1515-2234,4
1358-1750,5
1601-1750,6
1750-1766,7
1697-1986,5
2594-2680,5
1523-2449,3
1526-1977,2
1526-1981,6
1889-1890,11
1889-1891,11
1889-1892,10
1889-2039,10
1542-1943,2
341-2045,1
1549-2286,6
1554-1657,8
1554-2686,7
1554-2687,7
1554-2688,8
1657-2686,6
1657-2688,7
2687-2688,6
1558-2338,3
1563-2633,3
1564-1786,3
1358-1565,2
1709-2365,6
1358-1732,2
1566-1732,3
1568-1729,2
1625-1729,2
519-1574,1
1580-1892,6
1581-1819,4
1810-1819,4
1819-1948,5
376-1583,1
1583-1995,2
1591-2541,4
1595-2246,6
2245-2246,8
1609-1790,4
1609-1791,3
1609-1912,2
1614-1671,3
1671-1968,5
748-1617,1
1623-1767,3
1623-1768,4
1623-1783,3
1013-1729,1
1358-1711,1
1711-1730,1
1711-1731,1
1642-2658,4
1655-1842,1
1655-2282,3
109-1661,1
1673-2660,3
191-1677,1
1678-1746,1
1680-2576,6
2311-2576,7
1779-2318,3
1682-2319,2
1682-2320,3
1684-2513,4
1692-2345,2
1696-1713,1
1697-2253,3
318-1701,1
563-1701,1
699-1701,1
1337-1701,1
1701-1820,1
1701-1846,2
1701-1852,1
1701-1853,1
1701-1854,1
1701-1856,1
1701-1857,1
1701-1860,1
1701-1861,1
1701-1867,2
1701-1871,1
1701-1872,1
1701-1875,1
1701-1876,1
1876-1986,3
1358-1709,2
1709-1738,3
1709-1739,2
1731-1755,1
1358-1712,2
1358-1713,1
1358-1728,2
1728-2257,2
1358-1755,1
831-1358,1
1709-1986,4
1739-1886,1
1358-1766,1
1358-1741,1
1743-2113,2
1767-1783,1
1768-2325,4
1735-1776,2
1787-1810,1
581-1792,2
1792-2485,3
1795-1796,2
1795-2299,3
1796-2297,3
2297-2298,5
306-1797,2
306-2088,2
306-1799,1
1801-2203,4
1801-2451,1
481-1810,1
719-1810,1
1810-1817,1
1810-1818,1
1811-1822,1
1830-2045,1
979-1839,3
1842-2281,5
1846-1867,3
1661-1851,2
1852-2045,1
1708-1857,1
1877-2573,3
2570-2573,4
102-1878,2
102-2256,2
1878-2256,1
1885-2644,3
1887-1888,1
2039-2042,5
1899-2491,2
1899-2510,3
1905-1914,1
945-1911,2
1914-1915,2
1914-1918,1
1915-2649,3
1351-1535,2
1925-2620,3
1920-2653,3
1920-1926,3
1926-2051,1
1926-2052,2
1937-1938,1
2204-2521,5
2630-2699,5
1986-1991,1
1986-2002,2
1986-2005,1
1986-2007,1
1986-2008,2
2509-2519,6
1782-2326,3
2008-2301,3
2016-2071,1
2467-2468,5
2025-2026,1
2025-2028,1
1448-2034,1
2034-2036,1
2034-2042,1
2045-2048,1
306-2048,1
2046-2048,1
306-2091,1
2152-2385,4
704-2113,1
1483-2113,1
2155-2294,3
957-2167,1
2177-2371,1
2177-2367,1
2231-2292,1
1483-2208,1
1724-2215,1
1370-2274,1
989-2285,1
2290-2496,3
2297-2299,1
1708-2314,1
1735-2324,1
2338-2555,3
2368-2370,1
2369-2370,1
372-2377,1
1635-2383,1
2410-2411,1
2413-2414,1
2425-2426,1
2431-2432,1
417-2034,1
1249-2556,1
2560-2561,1
1741-2593,1
2602-2603,1
2615-2696,1
2618-2619,1
2625-2626,1
2634-2635,1
2634-2636,1
2636-2693,1
147-1519,1
2654-2655,1
2665-2666,1
